{
  "kind": "collectionType",
  "collectionName": "sliders",
  "info": {
    "singularName": "slider",
    "pluralName": "sliders",
    "displayName": "Slider",
    "description": ""
  },
  "options": {
    "draftAndPublish": true
  },
  "pluginOptions": {},
  "attributes": {
    "Name": {
      "type": "string",
      "required": true
    },
    "ImageUrl": {
      "allowedTypes": [
        "images",
        "files",
        "videos",
        "audios"
      ],
      "type": "media",
      "multiple": false,
      "required": true
    }
  }
}
